{
  "Version": "2012-10-17",
  "Statement": [
    {
      "Effect": "Allow",
      "Principal": {
        "Federated": "arn:aws:iam::026090542079:oidc-provider/oidc.eks.ap-northeast-2.amazonaws.com/id/076FC1D2D01D182CB49276FFBEE883A3"
      },
      "Action": "sts:AssumeRoleWithWebIdentity",
      "Condition": {
        "StringEquals": {
          "oidc.eks.ap-northeast-2.amazonaws.com/id/076FC1D2D01D182CB49276FFBEE883A3:sub": "system:serviceaccount:velero:velero",
          "oidc.eks.ap-northeast-2.amazonaws.com/id/076FC1D2D01D182CB49276FFBEE883A3:aud": "sts.amazonaws.com"
        }
      }
    }
  ]
}
